rank,employer,cases,nyc_cases,new_hires,median_wage,it_share,top_state,jp_group
1,Amazon.com Services LLC,13922,854,6470,159000.0,0.6088,WA,
2,Google LLC,7423,791,4181,193000.0,0.8017,CA,
3,COGNIZANT TECHNOLOGY SOLUTIONS US CORP,5774,53,11,111030.0,0.9719,TX,
4,"Meta Platforms, Inc",5278,772,2084,214032.0,0.7673,CA,
5,Microsoft Corporation,5159,101,1276,177000.0,0.7616,WA,
6,Ernst & Young U.S. LLP,5158,785,1186,156289.0,0.4188,TX,
7,Apple Inc.,4870,59,1394,174304.0,0.5209,CA,
8,INFOSYS LIMITED,4568,61,429,92581.0,0.8888,TX,
9,TATA CONSULTANCY SERVICES LIMITED,2880,45,198,92394.0,0.9844,TX,
10,JPMorgan Chase & Co.,2801,710,804,160756.0,0.5023,NY,
11,Deloitte Consulting LLP,2622,79,221,143100.0,0.7628,TX,
12,"Tesla, Inc.",2611,1,1180,150426.0,0.1846,CA,
13,"Amazon Web Services, Inc.",2472,212,743,155891.0,0.7917,WA,
14,"Amazon Development Center U.S., Inc.",2455,160,1451,162600.0,0.9177,WA,
15,NVIDIA Corporation,2390,33,784,186472.0,0.5205,CA,
16,"Fidelity Technology Group, LLC d/b/a Fidelity Investments",2201,1,169,129042.0,0.9182,NC,
17,"WAL-MART ASSOCIATES, INC.",2175,0,619,148335.0,0.6878,AR,
18,"Grandison Management, Inc.",1968,43,1968,73715.0,0.0,IL,
19,"COMPUNNEL SOFTWARE GROUP, INC",1942,29,284,113000.0,0.9464,TX,
20,Intel Corporation,1732,0,845,133432.0,0.2488,OR,
21,"Salesforce, Inc.",1549,61,289,197400.0,0.8535,CA,
22,WIPRO LIMITED,1544,17,92,109353.0,0.9301,TX,
23,Capgemini America Inc,1473,41,104,130987.0,0.9532,TX,
24,Accenture LLP,1467,43,54,146800.0,0.8684,TX,
25,TT Commerce & Global Services LLC,1339,128,280,189000.0,0.3854,CA,
26,HCL AMERICA INC,1253,13,346,121090.0,0.9218,TX,
27,"Amazon Data Services, Inc",1195,3,596,147900.0,0.4527,WA,
28,"Cisco Systems, Inc.",1188,18,797,152506.0,0.7029,CA,
29,LTIMindtree Limited,1117,32,15,100942.0,0.9167,TX,
30,"Citibank, N.A.",1109,162,293,157730.0,0.6078,TX,
31,GOLDMAN SACHS & CO. LLC,1098,416,600,131000.0,0.275,NY,
32,LinkedIn Corporation,1088,106,511,179079.0,0.5928,CA,
33,Adobe Inc.,1039,43,466,185000.0,0.6545,CA,
34,Mphasis Corporation,1016,23,36,120000.0,0.9596,TX,
35,"Capital One Services, LLC",838,81,238,143395.0,0.5501,VA,
36,"Qualcomm Technologies, Inc.",810,1,728,153537.0,0.3519,CA,
37,Deloitte & Touche LLP,774,71,283,102470.0,0.2752,CA,
38,"Oracle America, Inc.",772,15,471,143062.0,0.8472,TX,
39,PricewaterhouseCoopers Advisory Services LLC,754,156,340,181000.0,0.3077,NY,
40,IBM Corporation,736,36,79,157897.0,0.8478,TX,
41,"PayPal, Inc.",729,54,279,178559.0,0.6296,CA,
42,"RANDSTAD DIGITAL, LLC",721,0,236,130603.0,0.9334,TX,
43,"Uber Technologies, Inc.",691,146,171,195100.0,0.5499,CA,
44,Cummins Inc.,680,0,197,101518.0,0.1294,IN,
45,FORD MOTOR COMPANY,653,1,113,126410.0,0.4962,MI,
46,"Boston Consulting Group, Inc.",648,144,477,190000.0,0.0972,NY,
47,Deloitte Tax LLP,646,80,290,97406.0,0.0867,CA,
48,General Motors,607,1,147,149459.0,0.4761,MI,
49,Intuit Inc.,602,71,213,180508.0,0.3638,CA,
50,Morgan Stanley Services Group Inc.,600,331,181,163000.0,0.7633,NY,
51,KFORCE INC.,599,6,599,116709.0,0.7346,TX,
52,GOLDMAN SACHS SERVICES LLC,574,154,311,139000.0,0.6585,TX,
53,ByteDance Inc.,554,22,297,240000.0,0.6661,CA,
54,"ServiceNow, Inc.",548,10,221,155359.0,0.6934,CA,
55,"Infinite Computer Solutions, Inc.",541,2,91,107700.0,0.9094,TX,
56,"TECH MAHINDRA (AMERICAS), INC",534,1,27,111870.0,0.809,TX,
57,CGI Technologies and Solutions Inc.,531,5,353,109522.0,0.951,TX,
58,"Capital One, National Association",526,69,237,115939.0,0.0209,VA,
59,CVS Shared Services Resources LLC,513,41,207,134000.0,0.7563,TX,
60,UST Global Inc,505,1,49,113423.0,0.9446,TX,
60,"Rivian Automotive, LLC",505,1,214,144200.0,0.1129,CA,
62,"Advanced Micro Devices, Inc.",492,2,94,148864.0,0.2724,TX,
63,GP TECHNOLOGIES LLC,489,24,48,97120.0,1.0,TX,
64,Hewlett Packard Enterprise Company,487,3,145,147512.0,0.8747,CA,
65,Federal Express Corporation,484,4,128,121324.0,0.5558,TN,
66,eBay Inc.,479,13,106,195728.0,0.714,CA,
67,"Applied Materials, Inc",474,0,205,153483.0,0.0949,CA,
68,Government Employee Insurance Company (GEICO),473,7,90,175000.0,0.9323,CA,
69,Barclays Services Corp.,470,75,105,156500.0,0.7532,NJ,
70,"Micron Technology, Inc.",457,0,226,130404.0,0.1028,ID,
71,"McKinsey & Company, Inc. United States",453,83,198,192000.0,0.117,NY,
72,"Databricks, Inc.",447,31,142,156998.0,0.8456,CA,
73,"WELLS FARGO BANK, N.A.",446,31,109,143000.0,0.5919,NC,
74,BANK OF AMERICA N.A.,443,65,97,156998.0,0.6433,NC,
75,"Palo Alto Networks, Inc.",433,5,255,180019.0,0.8129,CA,
76,Snowflake Inc.,430,6,193,161637.0,0.7419,CA,
77,U.S. Bank National Association,428,7,53,129042.0,0.8411,TX,
78,"Lucid USA, Inc.",422,0,222,145330.0,0.2346,CA,
79,"ASML US, LP",410,0,132,127171.0,0.2,CT,
80,VIRTUSA CORPORATION,401,10,57,123356.0,0.9925,TX,
81,"Insight Global, LLC",400,5,149,120349.0,0.6575,TX,
82,"DoorDash, Inc.",396,111,153,166412.0,0.601,CA,
82,"AT&T SERVICES, INC.",396,0,70,168265.0,0.899,TX,
84,"American Express Travel Related Services Company, Inc.",390,113,126,156141.0,0.6564,AZ,
85,University of Michigan,382,0,141,72980.0,0.0838,MI,
86,Mayo Clinic,378,0,129,89253.0,0.0185,MN,
87,TikTok Inc.,377,6,232,240000.0,0.4748,CA,
88,"SAP America, Inc.",365,8,111,160333.0,0.8877,PA,
89,"Hexaware Technologies, Inc.",362,1,48,107000.0,0.9724,VA,
90,"Charles Schwab & Company, Inc.",352,0,54,158483.0,0.8466,TX,
91,"Expedia, Inc.",351,0,92,149240.0,0.7265,WA,
92,"Netflix, Inc.",346,22,112,237786.0,0.7428,CA,
92,Brookhaven National Laboratory,346,0,91,121888.0,0.1301,NY,
94,"BlackRock Financial Management, Inc.",342,181,149,145025.0,0.4474,NY,
95,Synechron Inc.,341,20,38,120000.0,0.956,NC,
96,L&T Technology Services Limited,340,0,39,93000.0,0.3618,TX,
97,"Comcast Cable Communications, LLC",332,11,56,144114.0,0.7651,PA,
98,"Optum Services, Inc.",331,4,56,128710.0,0.8036,TX,
99,"American Airlines, Inc.",330,0,95,112923.0,0.597,TX,
100,Zoox Inc.,323,0,137,183000.0,0.548,CA,
